CREATE TABLE IF NOT EXISTS users (id BIGINT AUTO_INCREMENT PRIMARY KEY,name VARCHAR(150) NOT NULL,email VARCHAR(150) NOT NULL UNIQUE,password_hash VARCHAR(255) NOT NULL,status ENUM('active','inactive','locked') DEFAULT 'active',created_at DATETIME DEFAULT CURRENT_TIMESTAMP,updated_at DATETIME NULL);
    CREATE TABLE IF NOT EXISTS roles (id BIGINT AUTO_INCREMENT PRIMARY KEY,name VARCHAR(100) NOT NULL UNIQUE,description TEXT NULL,created_at DATETIME DEFAULT CURRENT_TIMESTAMP);
    CREATE TABLE IF NOT EXISTS permissions (id BIGINT AUTO_INCREMENT PRIMARY KEY,code VARCHAR(150) NOT NULL UNIQUE,name VARCHAR(150) NOT NULL,module VARCHAR(100) NOT NULL);
    CREATE TABLE IF NOT EXISTS user_roles (user_id BIGINT NOT NULL,role_id BIGINT NOT NULL,PRIMARY KEY(user_id,role_id));
    CREATE TABLE IF NOT EXISTS role_permissions (role_id BIGINT NOT NULL,permission_id BIGINT NOT NULL,PRIMARY KEY(role_id,permission_id));
    CREATE TABLE IF NOT EXISTS audit_logs (id BIGINT AUTO_INCREMENT PRIMARY KEY,user_id BIGINT NULL,action VARCHAR(150) NOT NULL,entity VARCHAR(100) NULL,entity_id VARCHAR(100) NULL,payload JSON NULL,ip_address VARCHAR(100) NULL,created_at DATETIME DEFAULT CURRENT_TIMESTAMP);
    CREATE TABLE IF NOT EXISTS modules (id BIGINT AUTO_INCREMENT PRIMARY KEY,name VARCHAR(150) NOT NULL,slug VARCHAR(150) NOT NULL UNIQUE,description TEXT NULL,fields_json JSON NULL,is_active BOOLEAN DEFAULT TRUE,created_at DATETIME DEFAULT CURRENT_TIMESTAMP);
    CREATE TABLE IF NOT EXISTS module_records (id BIGINT AUTO_INCREMENT PRIMARY KEY,module_slug VARCHAR(150) NOT NULL,title VARCHAR(255) NULL,data_json JSON NULL,status VARCHAR(50) DEFAULT 'active',created_by BIGINT NULL,created_at DATETIME DEFAULT CURRENT_TIMESTAMP,updated_at DATETIME NULL);
    CREATE TABLE IF NOT EXISTS app_settings (id BIGINT AUTO_INCREMENT PRIMARY KEY,module_slug VARCHAR(150) NOT NULL,setting_key VARCHAR(150) NOT NULL,setting_value TEXT NULL,setting_type VARCHAR(50) DEFAULT 'text',updated_at DATETIME NULL,UNIQUE KEY module_setting(module_slug,setting_key));
    CREATE TABLE IF NOT EXISTS integration_events (id BIGINT AUTO_INCREMENT PRIMARY KEY,event_name VARCHAR(150) NOT NULL,source_app VARCHAR(100) NULL,payload JSON NULL,status VARCHAR(50) DEFAULT 'received',created_at DATETIME DEFAULT CURRENT_TIMESTAMP,processed_at DATETIME NULL);
    CREATE TABLE IF NOT EXISTS sync_logs (id BIGINT AUTO_INCREMENT PRIMARY KEY,source_app VARCHAR(100) NULL,target_app VARCHAR(100) NULL,event_name VARCHAR(150) NULL,status VARCHAR(50) DEFAULT 'pending',message TEXT NULL,payload JSON NULL,created_at DATETIME DEFAULT CURRENT_TIMESTAMP);
    INSERT INTO modules(name,slug,description,fields_json,is_active,created_at) VALUES('Dashboard','dashboard','Operational module for Dashboard', '["name", "description", "status", "notes"]',1,NOW());
INSERT INTO modules(name,slug,description,fields_json,is_active,created_at) VALUES('UserManagement','user-management','Operational module for UserManagement', '["name", "description", "status", "notes"]',1,NOW());
INSERT INTO modules(name,slug,description,fields_json,is_active,created_at) VALUES('Organization','organization','Operational module for Organization', '["name", "description", "status", "notes"]',1,NOW());
INSERT INTO modules(name,slug,description,fields_json,is_active,created_at) VALUES('Employee','employee','Operational module for Employee', '["employee_no", "full_name", "department", "position", "status"]',1,NOW());
INSERT INTO modules(name,slug,description,fields_json,is_active,created_at) VALUES('Recruitment','recruitment','Operational module for Recruitment', '["candidate_name", "email", "stage", "status"]',1,NOW());
INSERT INTO modules(name,slug,description,fields_json,is_active,created_at) VALUES('Onboarding','onboarding','Operational module for Onboarding', '["name", "description", "status", "notes"]',1,NOW());
INSERT INTO modules(name,slug,description,fields_json,is_active,created_at) VALUES('Attendance','attendance','Operational module for Attendance', '["name", "description", "status", "notes"]',1,NOW());
INSERT INTO modules(name,slug,description,fields_json,is_active,created_at) VALUES('Leave','leave','Operational module for Leave', '["employee_name", "leave_type", "start_date", "end_date", "status"]',1,NOW());
INSERT INTO modules(name,slug,description,fields_json,is_active,created_at) VALUES('Overtime','overtime','Operational module for Overtime', '["name", "description", "status", "notes"]',1,NOW());
INSERT INTO modules(name,slug,description,fields_json,is_active,created_at) VALUES('Timesheet','timesheet','Operational module for Timesheet', '["name", "description", "status", "notes"]',1,NOW());
INSERT INTO modules(name,slug,description,fields_json,is_active,created_at) VALUES('Payroll','payroll','Operational module for Payroll', '["period_name", "start_date", "end_date", "status", "total_net"]',1,NOW());
INSERT INTO modules(name,slug,description,fields_json,is_active,created_at) VALUES('Approval','approval','Operational module for Approval', '["name", "description", "status", "notes"]',1,NOW());
INSERT INTO modules(name,slug,description,fields_json,is_active,created_at) VALUES('Documents','documents','Operational module for Documents', '["name", "description", "status", "notes"]',1,NOW());
INSERT INTO modules(name,slug,description,fields_json,is_active,created_at) VALUES('FacilityBenefit','facility-benefit','Operational module for FacilityBenefit', '["name", "description", "status", "notes"]',1,NOW());
INSERT INTO modules(name,slug,description,fields_json,is_active,created_at) VALUES('Performance','performance','Operational module for Performance', '["name", "description", "status", "notes"]',1,NOW());
INSERT INTO modules(name,slug,description,fields_json,is_active,created_at) VALUES('Training','training','Operational module for Training', '["name", "description", "status", "notes"]',1,NOW());
INSERT INTO modules(name,slug,description,fields_json,is_active,created_at) VALUES('GoogleDrive','google-drive','Operational module for GoogleDrive', '["name", "description", "status", "notes"]',1,NOW());
INSERT INTO modules(name,slug,description,fields_json,is_active,created_at) VALUES('WhatsApp','whats-app','Operational module for WhatsApp', '["name", "description", "status", "notes"]',1,NOW());
INSERT INTO modules(name,slug,description,fields_json,is_active,created_at) VALUES('AIAnalytics','a-i-analytics','Operational module for AIAnalytics', '["name", "description", "status", "notes"]',1,NOW());
INSERT INTO modules(name,slug,description,fields_json,is_active,created_at) VALUES('BlueHubIntegration','blue-hub-integration','Operational module for BlueHubIntegration', '["name", "description", "status", "notes"]',1,NOW());
INSERT INTO modules(name,slug,description,fields_json,is_active,created_at) VALUES('Reports','reports','Operational module for Reports', '["name", "description", "status", "notes"]',1,NOW());
INSERT INTO modules(name,slug,description,fields_json,is_active,created_at) VALUES('Settings','settings','Operational module for Settings', '["name", "description", "status", "notes"]',1,NOW());
INSERT INTO roles(name,description) VALUES('Super Admin','Full access'),('Admin','Operational admin'),('User','Standard user');
INSERT INTO permissions(code,name,module) VALUES('dashboard.view','Dashboard View','Dashboard');
INSERT INTO permissions(code,name,module) VALUES('dashboard.create','Dashboard Create','Dashboard');
INSERT INTO permissions(code,name,module) VALUES('dashboard.edit','Dashboard Edit','Dashboard');
INSERT INTO permissions(code,name,module) VALUES('dashboard.delete','Dashboard Delete','Dashboard');
INSERT INTO permissions(code,name,module) VALUES('dashboard.settings','Dashboard Settings','Dashboard');
INSERT INTO permissions(code,name,module) VALUES('dashboard.reports','Dashboard Reports','Dashboard');
INSERT INTO permissions(code,name,module) VALUES('user-management.view','UserManagement View','UserManagement');
INSERT INTO permissions(code,name,module) VALUES('user-management.create','UserManagement Create','UserManagement');
INSERT INTO permissions(code,name,module) VALUES('user-management.edit','UserManagement Edit','UserManagement');
INSERT INTO permissions(code,name,module) VALUES('user-management.delete','UserManagement Delete','UserManagement');
INSERT INTO permissions(code,name,module) VALUES('user-management.settings','UserManagement Settings','UserManagement');
INSERT INTO permissions(code,name,module) VALUES('user-management.reports','UserManagement Reports','UserManagement');
INSERT INTO permissions(code,name,module) VALUES('organization.view','Organization View','Organization');
INSERT INTO permissions(code,name,module) VALUES('organization.create','Organization Create','Organization');
INSERT INTO permissions(code,name,module) VALUES('organization.edit','Organization Edit','Organization');
INSERT INTO permissions(code,name,module) VALUES('organization.delete','Organization Delete','Organization');
INSERT INTO permissions(code,name,module) VALUES('organization.settings','Organization Settings','Organization');
INSERT INTO permissions(code,name,module) VALUES('organization.reports','Organization Reports','Organization');
INSERT INTO permissions(code,name,module) VALUES('employee.view','Employee View','Employee');
INSERT INTO permissions(code,name,module) VALUES('employee.create','Employee Create','Employee');
INSERT INTO permissions(code,name,module) VALUES('employee.edit','Employee Edit','Employee');
INSERT INTO permissions(code,name,module) VALUES('employee.delete','Employee Delete','Employee');
INSERT INTO permissions(code,name,module) VALUES('employee.settings','Employee Settings','Employee');
INSERT INTO permissions(code,name,module) VALUES('employee.reports','Employee Reports','Employee');
INSERT INTO permissions(code,name,module) VALUES('recruitment.view','Recruitment View','Recruitment');
INSERT INTO permissions(code,name,module) VALUES('recruitment.create','Recruitment Create','Recruitment');
INSERT INTO permissions(code,name,module) VALUES('recruitment.edit','Recruitment Edit','Recruitment');
INSERT INTO permissions(code,name,module) VALUES('recruitment.delete','Recruitment Delete','Recruitment');
INSERT INTO permissions(code,name,module) VALUES('recruitment.settings','Recruitment Settings','Recruitment');
INSERT INTO permissions(code,name,module) VALUES('recruitment.reports','Recruitment Reports','Recruitment');
INSERT INTO permissions(code,name,module) VALUES('onboarding.view','Onboarding View','Onboarding');
INSERT INTO permissions(code,name,module) VALUES('onboarding.create','Onboarding Create','Onboarding');
INSERT INTO permissions(code,name,module) VALUES('onboarding.edit','Onboarding Edit','Onboarding');
INSERT INTO permissions(code,name,module) VALUES('onboarding.delete','Onboarding Delete','Onboarding');
INSERT INTO permissions(code,name,module) VALUES('onboarding.settings','Onboarding Settings','Onboarding');
INSERT INTO permissions(code,name,module) VALUES('onboarding.reports','Onboarding Reports','Onboarding');
INSERT INTO permissions(code,name,module) VALUES('attendance.view','Attendance View','Attendance');
INSERT INTO permissions(code,name,module) VALUES('attendance.create','Attendance Create','Attendance');
INSERT INTO permissions(code,name,module) VALUES('attendance.edit','Attendance Edit','Attendance');
INSERT INTO permissions(code,name,module) VALUES('attendance.delete','Attendance Delete','Attendance');
INSERT INTO permissions(code,name,module) VALUES('attendance.settings','Attendance Settings','Attendance');
INSERT INTO permissions(code,name,module) VALUES('attendance.reports','Attendance Reports','Attendance');
INSERT INTO permissions(code,name,module) VALUES('leave.view','Leave View','Leave');
INSERT INTO permissions(code,name,module) VALUES('leave.create','Leave Create','Leave');
INSERT INTO permissions(code,name,module) VALUES('leave.edit','Leave Edit','Leave');
INSERT INTO permissions(code,name,module) VALUES('leave.delete','Leave Delete','Leave');
INSERT INTO permissions(code,name,module) VALUES('leave.settings','Leave Settings','Leave');
INSERT INTO permissions(code,name,module) VALUES('leave.reports','Leave Reports','Leave');
INSERT INTO permissions(code,name,module) VALUES('overtime.view','Overtime View','Overtime');
INSERT INTO permissions(code,name,module) VALUES('overtime.create','Overtime Create','Overtime');
INSERT INTO permissions(code,name,module) VALUES('overtime.edit','Overtime Edit','Overtime');
INSERT INTO permissions(code,name,module) VALUES('overtime.delete','Overtime Delete','Overtime');
INSERT INTO permissions(code,name,module) VALUES('overtime.settings','Overtime Settings','Overtime');
INSERT INTO permissions(code,name,module) VALUES('overtime.reports','Overtime Reports','Overtime');
INSERT INTO permissions(code,name,module) VALUES('timesheet.view','Timesheet View','Timesheet');
INSERT INTO permissions(code,name,module) VALUES('timesheet.create','Timesheet Create','Timesheet');
INSERT INTO permissions(code,name,module) VALUES('timesheet.edit','Timesheet Edit','Timesheet');
INSERT INTO permissions(code,name,module) VALUES('timesheet.delete','Timesheet Delete','Timesheet');
INSERT INTO permissions(code,name,module) VALUES('timesheet.settings','Timesheet Settings','Timesheet');
INSERT INTO permissions(code,name,module) VALUES('timesheet.reports','Timesheet Reports','Timesheet');
INSERT INTO permissions(code,name,module) VALUES('payroll.view','Payroll View','Payroll');
INSERT INTO permissions(code,name,module) VALUES('payroll.create','Payroll Create','Payroll');
INSERT INTO permissions(code,name,module) VALUES('payroll.edit','Payroll Edit','Payroll');
INSERT INTO permissions(code,name,module) VALUES('payroll.delete','Payroll Delete','Payroll');
INSERT INTO permissions(code,name,module) VALUES('payroll.settings','Payroll Settings','Payroll');
INSERT INTO permissions(code,name,module) VALUES('payroll.reports','Payroll Reports','Payroll');
INSERT INTO permissions(code,name,module) VALUES('approval.view','Approval View','Approval');
INSERT INTO permissions(code,name,module) VALUES('approval.create','Approval Create','Approval');
INSERT INTO permissions(code,name,module) VALUES('approval.edit','Approval Edit','Approval');
INSERT INTO permissions(code,name,module) VALUES('approval.delete','Approval Delete','Approval');
INSERT INTO permissions(code,name,module) VALUES('approval.settings','Approval Settings','Approval');
INSERT INTO permissions(code,name,module) VALUES('approval.reports','Approval Reports','Approval');
INSERT INTO permissions(code,name,module) VALUES('documents.view','Documents View','Documents');
INSERT INTO permissions(code,name,module) VALUES('documents.create','Documents Create','Documents');
INSERT INTO permissions(code,name,module) VALUES('documents.edit','Documents Edit','Documents');
INSERT INTO permissions(code,name,module) VALUES('documents.delete','Documents Delete','Documents');
INSERT INTO permissions(code,name,module) VALUES('documents.settings','Documents Settings','Documents');
INSERT INTO permissions(code,name,module) VALUES('documents.reports','Documents Reports','Documents');
INSERT INTO permissions(code,name,module) VALUES('facility-benefit.view','FacilityBenefit View','FacilityBenefit');
INSERT INTO permissions(code,name,module) VALUES('facility-benefit.create','FacilityBenefit Create','FacilityBenefit');
INSERT INTO permissions(code,name,module) VALUES('facility-benefit.edit','FacilityBenefit Edit','FacilityBenefit');
INSERT INTO permissions(code,name,module) VALUES('facility-benefit.delete','FacilityBenefit Delete','FacilityBenefit');
INSERT INTO permissions(code,name,module) VALUES('facility-benefit.settings','FacilityBenefit Settings','FacilityBenefit');
INSERT INTO permissions(code,name,module) VALUES('facility-benefit.reports','FacilityBenefit Reports','FacilityBenefit');
INSERT INTO permissions(code,name,module) VALUES('performance.view','Performance View','Performance');
INSERT INTO permissions(code,name,module) VALUES('performance.create','Performance Create','Performance');
INSERT INTO permissions(code,name,module) VALUES('performance.edit','Performance Edit','Performance');
INSERT INTO permissions(code,name,module) VALUES('performance.delete','Performance Delete','Performance');
INSERT INTO permissions(code,name,module) VALUES('performance.settings','Performance Settings','Performance');
INSERT INTO permissions(code,name,module) VALUES('performance.reports','Performance Reports','Performance');
INSERT INTO permissions(code,name,module) VALUES('training.view','Training View','Training');
INSERT INTO permissions(code,name,module) VALUES('training.create','Training Create','Training');
INSERT INTO permissions(code,name,module) VALUES('training.edit','Training Edit','Training');
INSERT INTO permissions(code,name,module) VALUES('training.delete','Training Delete','Training');
INSERT INTO permissions(code,name,module) VALUES('training.settings','Training Settings','Training');
INSERT INTO permissions(code,name,module) VALUES('training.reports','Training Reports','Training');
INSERT INTO permissions(code,name,module) VALUES('google-drive.view','GoogleDrive View','GoogleDrive');
INSERT INTO permissions(code,name,module) VALUES('google-drive.create','GoogleDrive Create','GoogleDrive');
INSERT INTO permissions(code,name,module) VALUES('google-drive.edit','GoogleDrive Edit','GoogleDrive');
INSERT INTO permissions(code,name,module) VALUES('google-drive.delete','GoogleDrive Delete','GoogleDrive');
INSERT INTO permissions(code,name,module) VALUES('google-drive.settings','GoogleDrive Settings','GoogleDrive');
INSERT INTO permissions(code,name,module) VALUES('google-drive.reports','GoogleDrive Reports','GoogleDrive');
INSERT INTO permissions(code,name,module) VALUES('whats-app.view','WhatsApp View','WhatsApp');
INSERT INTO permissions(code,name,module) VALUES('whats-app.create','WhatsApp Create','WhatsApp');
INSERT INTO permissions(code,name,module) VALUES('whats-app.edit','WhatsApp Edit','WhatsApp');
INSERT INTO permissions(code,name,module) VALUES('whats-app.delete','WhatsApp Delete','WhatsApp');
INSERT INTO permissions(code,name,module) VALUES('whats-app.settings','WhatsApp Settings','WhatsApp');
INSERT INTO permissions(code,name,module) VALUES('whats-app.reports','WhatsApp Reports','WhatsApp');
INSERT INTO permissions(code,name,module) VALUES('a-i-analytics.view','AIAnalytics View','AIAnalytics');
INSERT INTO permissions(code,name,module) VALUES('a-i-analytics.create','AIAnalytics Create','AIAnalytics');
INSERT INTO permissions(code,name,module) VALUES('a-i-analytics.edit','AIAnalytics Edit','AIAnalytics');
INSERT INTO permissions(code,name,module) VALUES('a-i-analytics.delete','AIAnalytics Delete','AIAnalytics');
INSERT INTO permissions(code,name,module) VALUES('a-i-analytics.settings','AIAnalytics Settings','AIAnalytics');
INSERT INTO permissions(code,name,module) VALUES('a-i-analytics.reports','AIAnalytics Reports','AIAnalytics');
INSERT INTO permissions(code,name,module) VALUES('blue-hub-integration.view','BlueHubIntegration View','BlueHubIntegration');
INSERT INTO permissions(code,name,module) VALUES('blue-hub-integration.create','BlueHubIntegration Create','BlueHubIntegration');
INSERT INTO permissions(code,name,module) VALUES('blue-hub-integration.edit','BlueHubIntegration Edit','BlueHubIntegration');
INSERT INTO permissions(code,name,module) VALUES('blue-hub-integration.delete','BlueHubIntegration Delete','BlueHubIntegration');
INSERT INTO permissions(code,name,module) VALUES('blue-hub-integration.settings','BlueHubIntegration Settings','BlueHubIntegration');
INSERT INTO permissions(code,name,module) VALUES('blue-hub-integration.reports','BlueHubIntegration Reports','BlueHubIntegration');
INSERT INTO permissions(code,name,module) VALUES('reports.view','Reports View','Reports');
INSERT INTO permissions(code,name,module) VALUES('reports.create','Reports Create','Reports');
INSERT INTO permissions(code,name,module) VALUES('reports.edit','Reports Edit','Reports');
INSERT INTO permissions(code,name,module) VALUES('reports.delete','Reports Delete','Reports');
INSERT INTO permissions(code,name,module) VALUES('reports.settings','Reports Settings','Reports');
INSERT INTO permissions(code,name,module) VALUES('reports.reports','Reports Reports','Reports');
INSERT INTO permissions(code,name,module) VALUES('settings.view','Settings View','Settings');
INSERT INTO permissions(code,name,module) VALUES('settings.create','Settings Create','Settings');
INSERT INTO permissions(code,name,module) VALUES('settings.edit','Settings Edit','Settings');
INSERT INTO permissions(code,name,module) VALUES('settings.delete','Settings Delete','Settings');
INSERT INTO permissions(code,name,module) VALUES('settings.settings','Settings Settings','Settings');
INSERT INTO permissions(code,name,module) VALUES('settings.reports','Settings Reports','Settings');
